text,label
I need to call my sister later to check in.,0
Summarize the latest news.,1
Zip zap zoom.,0
What’s playing at the cinema?,1
Do you believe in magic?,0
How many steps have I taken today?,1
What’s the first thing on the agenda?,0
Endless cycles of none.,0
I guess we shall see.,0
Navigate home.,1
What’s the weather in Tokyo?,1
Shade the light's dark.,0
I feel like taking a nap.,0
Where are my keys?,0
Order my usual groceries.,1
What's the difference between a crocodile and an alligator?,1
In the edges of middle.,0
How do you feel about this weather?,0
Calculate the square root of 64.,1
Enable Bluetooth.,1
Where’s the nearest gas station?,1
Search for affordable hotels.,1
You know,0
What even is it?,0
Do you think it'll be warm today?,0
Give me the extended weather forecast for this week.,1
Why is this taking so long?,0
I'm not sure I follow your logic.,0
Can you assist with the documents?,0
This pattern is quite intricate.,0
Far and near likewise.,0
Initiate a group call with the sales team.,1
"In sync, out of time.",0
Do you want to join us?,0
What time does the show start?,0
What’s the weather in Paris?,1
Could you pass the pepper?,0
What does the word ‘optimism’ mean?,1
Can you see it now?,0
Let's tidy up later.,0
Find a yoga class nearby.,1
Mark 'buy groceries' as done on my task list.,1
I could really go for some ice cream right now.,0
What’s my next task?,1
How does this sound to you?,0
Create a note titled 'Meeting Summary' and add 'Discussed Q3 goals'.,1
What's the tallest building in the world?,1
A whisper to the beyond.,0
Remind me to buy milk.,1
I'm not really in the mood for that.,0
Add an event to my calendar.,1
"But why, if so?",0
What’s my current location?,1
"If, or, when, but.",0
Envelop the quiet noise.,0
Would you mind closing the door?,0
Presence of an absence.,0
How much time is left on my timer?,1
What is 'beautiful' in Italian?,1
Through pathways untraveled unknown.,0
Remind me to take my vitamins.,1
What does 'eloquent' mean?,1
Are you joining us for lunch?,0
Is it windy outside?,1
How much did I sleep last night?,1
What’s the address of the store?,1
I'm trying to cut down on sugar.,0
I can't wait for my vacation.,0
"Oh, that's interesting.",0
Not typically usual things.,0
Can you taste this?,0
I need to focus on my breathing.,0
Add 'book flight tickets' to my Vacation Packing list.,1
Set an alarm for this time tomorrow.,1
So this is currently,0
"On the flip, reveal.",0
Did you see the game last night?,0
"Bring me the newspaper, please.",0
Through the echoing silence.,0
What's my next medication dose?,1
Help me look for my wallet.,0
Does this look right to you?,0
Remind me to water the plants.,1
Who is the current CEO of Google?,1
"I agree, we should take a break.",0
It's a busy day today.,0
How many planets are in our solar system?,1
Play music from the artist Adele.,1
Remind me about dinner plans.,1
What’s two plus two?,1
Show me my appointments for this afternoon.,1
Transform the constant change.,0
Remind me about the dentist appointment.,1
Perhaps it's time for a change.,0
Play some ambient sounds.,1
Will be processed by LLM.,0
Is that your final answer?,0
What’s the definition of ‘curiosity’?,1
What's this song about?,0
I'm so proud of your achievement.,0
What was that noise I just heard?,0
Set a timer for eight minutes.,1
Is anyone else arriving?,0
Search for the best laptop deals.,1
This line is moving so slowly.,0
I need to debug this code.,0
In circles of straight lines.,0
Can you spare a moment?,0
This is my favorite song!,0
Start a new document titled 'Brainstorm'.,1
What are the seven wonders of the ancient world?,1
Log my sleep hours for tonight.,1
I'm just glad it's over.,0
Tell me the news headlines today.,1
What's the emergency number in this country?,1
Calculate 20% of 150.,1
Differently similar thoughts.,0
Will it rain soon?,0
Will it shift shape?,0
"Heightened low, lowered heights.",0
Cross the uncrossed line.,0
What time does the sun set today?,1
Could you give me some advice on this situation?,0
"Hang up the clothes, please.",0
What a relief that it's finally done.,0
What day of the week will Christmas be on this year?,1
Who needs help?,0
It's a long story.,0
"The world is a strange place, isn't it?",0
What can you do for me?,1
What's the exchange rate for USD to JPY?,1
Confounding clarity all around.,0
If I recall correctly...,0
I'm not sure what to make of that.,0
"Gently harsh, harshly gentle.",0
I'm not sure where we stand.,0
What’s a good recipe for pancakes?,1
Absent presence awaits.,0
"Computer, what's the capital of Brazil?",1
The cat needs to be fed.,0
It's a bit chilly today.,0
Add 'pick up kids from school' to calendar for 3 PM.,1
On the edges of thought.,0
The paradox within.,0
"Someone's knocking, can you see who it is?",0
Easier said than done.,0
Find flight options to Hawaii.,1
What’s she talking about?,0
Solitude within the crowd.,0
Label this timer 'Laundry'.,1
What time are we meeting them?,0
Silence whispers loudly here.,0
Who directed the movie Inception?,1
"Basically, it's like this.",0
Where the silence speaks.,0
Can we watch that movie later?,0
Go beyond beneath it.,0
Take a note: ideas for project X - brainstorming session.,1
Sounds of silence resound.,0
Do you think it'll work?,0
Unknown knowns reveal nothing.,0
Maybe I'll just stay in tonight.,0
Show me my weekly agenda.,1
I need you to help me move this sofa.,0
A shadow's echo.,0
What’s the news in technology?,1
Could you close the window?,0
What is today's date?,1
Order a pizza from Domino's.,1
What's 3 to the power of 4?,1
What comes through?,0
I'm just trying to figure it out.,0
Tell me a story about space.,1
Check today’s weather.,1
Play my workout playlist.,1
A perpetual fleeting permanence.,0
Is it safe to assume?,0
I really hope this works out.,0
What's the traffic like on my way to work?,1
Dim the lights to 50%.,1
Why do you think so?,0
Could you carry this bag?,0
Is there anything left?,0
Yet what is beyond?,0
Echoing in quiet reverberates.,0
What time is my next meeting?,1
"The baby is crying, can you check on her?",0
Can you carry this bag?,0
"It's freezing in here, can someone turn up the heat?",0
"Just the space, it will.",0
"It's a matter of opinion, I suppose.",0
What's the capital of France?,1
How deep is the Mariana Trench?,1
In the absence of presence.,0
What's the score of the football game?,1
What's the meaning of the idiom 'bite the bullet'?,1
Could you pass the salt?,0
I need to find a new recipe for dinner.,0
Amidst the known unknown.,0
Tell me a story.,1
What a mess this room is.,0
"In silence, the loud speak.",0
I need you to sign this document.,0
"Lightly heavy, heavily light.",0
Can you define 'photosynthesis' for me?,1
Check my recent transactions.,1
It’s impossible to say.,0
Add 'research competitors' to my project task list.,1
Convert 50 miles to kilometers.,1
Could you tell me more?,0
Book a hotel in Paris for three nights from June 10th.,1
Set my status to 'Do Not Disturb'.,1
Have you finished reading that book yet?,0
Is this for real?,0
Pass that pillow over here.,0
Blending with the stillness.,0
Is that what you think?,0
Can you some more step forward?,0
Do you want coffee or tea?,0
I'm just thinking out loud.,0
It's lovely to see you!,0
Repository links direct access to your fine-tuned model on having this,0
Persistently ephemeral visions.,0
"Murmur softly, echo loudly.",0
Tell me a fun fact.,1
Remind me to do laundry.,1
Alongside with never.,0
Let me just grab my coat.,0
Seek the cessation seeker.,0
What’s the population of Canada?,1
Search for local coffee shops.,1
Tell me a joke.,1
Where’s the nearest pharmacy?,1
What’s my next flight schedule?,1
Patterns in the random.,0
I wonder if aliens exist.,0
Time's endless beginning now.,0
Remind me to check the mailbox.,1
A timeless piece or not.,0
What is the freezing point of water in Fahrenheit?,1
Colors of invisible shade.,0
What is the significance of the Great Wall of China?,1
Who's going to clean up this mess?,0
Who's coming with us?,0
Call me maybe.,0
Tell me about the planet Mars.,1
Find the nearest gym.,1
That's interesting.,0
What's the recipe for chocolate chip cookies?,1
It's time for a coffee break.,0
"The dog made a mess, could you clean it up?",0
Find a gym membership near me.,1
"In never-ending ends, starting.",0
Can you help me understand these feelings?,0
Do you often think about it?,0
I could do with a holiday.,0
Broadcast a message: 'Dinner is ready'.,1
Is this all there is?,0
"It feels like Monday, even though it's Wednesday.",0
Can you help us tomorrow?,0
Set an alarm for 6:00 AM.,1
Read my unread emails.,1
Help me lift this heavy box.,0
Are we on the agenda?,0
Can you believe that?,0
"I can't find my keys anywhere, can you look?",0
Remind me to call Dad.,1
I'm just spitballing ideas here.,0
Set a meeting for tomorrow afternoon.,1
"I'm feeling really down, can you cheer me up?",0
What does ‘ephemeral’ mean?,1
How long will it take to drive to downtown?,1
Where does the time go?,0
Can you proofread this essay for me?,0
It might work if we try.,0
What’s new in the world?,1
What did you mean by that?,0
Tell me about the history of the Roman Empire.,1
"I'm starving, what's for lunch?",0
Through the thought.,0
Shall they reveal?,0
Glimpse of the invisible echo.,0
Links for access to.,0
Is this a joke?,0
Set a 30-second timer.,1
Read my new messages.,1
I need a ride to the station later.,0
Who’s on the line?,0
Translate ‘thank you’ to German.,1
I'm looking forward to the holidays.,0
What are some synonyms for 'happy'?,1
In the gaze of time.,0
What’s the meaning of ‘ambivalence’?,1
Add a birthday reminder for Mike.,1
This is harder than I thought.,0
Should we go out for dinner?,0
Did you remember to lock the car?,0
I can't seem to get this right.,0
Mind your whispering thoughts.,0
What’s the current exchange rate?,1
That's an interesting perspective.,0
"That's just typical, isn't it?",0
Search for a new blender.,1
Follow through what cannot be.,0
Why do you think it's true?,0
Did you hear about the news?,0
Will you be around?,0
Will this work for you?,0
What's my IP address?,1
Can you find this book?,1
Farther than the nearest.,0
What’s the latest sports update?,1
Let me just think for a moment.,0
Can you make this work?,0
What's my schedule for today?,1
Can you be quiet for a moment?,0
What’s on the itinerary?,1
Turn up the volume.,1
Can we discuss this later?,0
I can't believe it's already November.,0
In plain sight unseen.,0
Search for the nearest coffee shop.,1
Please play some relaxing sounds.,1
Why not later?,0
Just thinking about all the things I need to do.,0
I really need to start exercising more.,0
Set a timer for 5 minutes.,1
Where darkness shows light.,0
In fragments that are whole.,0
"No, I haven't seen your keys.",0
Red yellow blue green.,0
"Whatever, it doesn't matter.",0
How many cups are in a gallon?,1
What’s the translation for ‘house’ in Japanese?,1
Together in separateness here.,0
Remind me about the meeting tomorrow.,1
Check my recent purchases.,1
Unspoken answers question forth.,0
I wonder if they'll have my size.,0
You know what I'm saying?,0
Did you see that coming?,0
Can you pass me that file?,0
Search for a new book to read.,1
Set a countdown timer for 10 seconds.,1
Created within boundaries blurred.,0
"Amidst the chaos, order.",0
Could you grab that for me?,0
Set an alarm for noon tomorrow.,1
This is probably a bad time to ask.,0
"Well, that's that.",0
That's a bit of a stretch.,0
"Wherever, whenever, whatever.",0
What time is the meeting?,1
Do I have any conflicting events on Thursday?,1
"Device, add eggs to the grocery list.",1
What's your favorite color?,0
I'm thinking of painting this room.,0
What is the national animal of Scotland?,1
I wonder if it's going to rain later.,0
Tell me what happened at work today.,0
Does anyone truly know?,0
Both alike in difference.,0
There or somewhere else.,0
Play my favorite playlist.,1
"Actually, I was thinking...",0
Can you taste this and tell me if it needs more salt?,0
What movies are playing near me?,1
I should probably organize my desk.,0
Hello?,0
This is probably not the best idea.,0
How many calories are in an apple?,1
Wait.,0
"Partially whole, entirely parts.",0
Translate ‘fun’ into German.,1
Is 'The Grand Budapest Hotel' a good movie?,1
What’s for breakfast?,0
Tell me more about this topic.,1
Tell me the story of The Three Little Pigs.,1
That was a silly mistake to make.,0
Are you serious right now?,0
"Mhm, uh-huh, yeah.",0
Play today’s top hits.,1
"Ahem, excuse me.",0
Set a timer for 20 minutes.,1
Add an appointment for Friday.,1
An echo’s steadfast solitude.,0
What’s the weather like in Sydney?,1
Remind me to call my friend.,1
Set my phone to silent mode.,0
Small infinities everywhere.,0
It’s not the same anymore.,0
Why did that happen?,0
What a strange dream I had last night.,0
Pass me those papers.,0
It looks like rain today.,0
Resonate within silence alone.,0
Set a reminder for my meeting.,1
Endless beginning starts now.,0
Never anywhere somewhere.,0
Just 'cause I said so.,0
Let's agree to disagree.,0
Do you wish you were anywhere else?,0
Do you think it's true?,0
"The weather is lovely today, isn't it?",0
Who won the Nobel Peace Prize last year?,1
What is the capital of Australia?,1
How do I say 'excuse me' in Korean?,1
Table tends to be.,0
Could you please schedule a meeting?,1
Play the latest episode of my favorite podcast.,1
"Control, alt, delete.",0
Lights and shadows of.,0
Find nearby bookstores.,1
Not found finding found.,0
Forever finite or not.,0
Fragmented in entirety known.,0
Play a meditation track.,1
Remind me about the team meeting in one hour.,1
What flights are available from London to New York tomorrow?,1
"Yieldingly resist, resistant yielding.",0
Thoughts of unthought.,0
Did you hear what happened?,0
Set an alarm for tomorrow.,1
When's the movie starting?,0
You've got to be kidding me.,0
Add a contact number for Emily.,1
"It's always the quiet ones, isn't it?",0
"Because, like, you know, it's just...",0
"Hello, hello, hello, hello.",0
"Okay, so, um, right.",0
What’s the exchange rate for euros?,1
Laughing in motion.,0
Place a reminder for my medication at 8 AM daily.,1
Open the weather app.,1
I should probably check my email.,0
"Life is beautiful, isn't it?",0
I wish you were here.,0
Let's catch up soon.,0
Of whispers in loudness.,0
"It's quite a puzzle, isn't it?",0
Show me top-rated movies.,1
What’s my last transaction?,1
Update my calendar for next week.,1
Log my workout details.,1
What are the current mortgage rates?,1
This is the best pizza I've had in ages.,0
Search for a new workout routine.,1
Could you help me with my car?,0
What’s on my calendar today?,1
How far is the moon from Earth?,1
What are your plans for the weekend?,0
Who wrote 'Pride and Prejudice'?,1
Could you pick that up for me?,0
What's the distance between London and Paris?,1
Create an alarm named 'Workout' for 5 PM on weekdays.,1
What’s the recipe for apple pie?,1
When's the deadline for the project?,1
It's funny how things work out.,0
Can you see the stars?,0
What are you thinking about?,0
Beyond the seen unseen.,0
What’s the stock market update?,1
It’s been a while.,0
Check for new emails.,1
Within the invisible clear.,0
I'm so excited about the concert next week.,0
I wish I knew.,0
Can I borrow an idea?,0
Thrown forward via backwardness.,0
Hmm... that's intriguing.,0
Play the next song in the playlist.,1
"Yet, from what comes.",0
You wouldn't believe what happened.,0
I'm just thinking about the project.,0
Can you light the fireplace?,0
What time does the grocery store close tonight?,1
Ever in not forever.,0
Could you drive me to the mall?,0
Add 'dentist appointment' to my reminders for next Tuesday.,1
I need a reminder for Sarah's birthday next week.,1
I need a shoulder to cry on.,0
The purple monkey dishwasher.,0
Unrevealed mysteries unfold.,0
Play the morning news.,1
Remind me to exercise this evening.,1
I wonder how long this will take.,0
Would you mind if I leave?,0
What's the capital of New Zealand?,1
Can you bake a cake?,0
An echo's silence speaks.,0
Resume the timer.,1
Log my daily water intake.,1
"Captured in freedom, be.",0
Remind me of the doctor's appointment.,1
Could you get me some water?,0
Are you sure about this?,0
What’s the weather like tomorrow?,1
Find podcasts about technology.,1
Remind me to meditate daily.,1
Where did I leave my shoes?,0
Don't forget to buy milk on your way home.,0
"Around the bend, again, and.",0
Beyond the beyond beneath.,0
"That's a very insightful comment, Professor.",0
Time seems to be slipping away.,0
Set a second timer for 10 minutes.,1
It is what it is.,0
Place this on the table.,0
What time is it in Tokyo right now?,1
"Mic check, testing, testing.",0
Give me a quick update on my stocks.,1
What’s my WiFi password?,1
What's 12 times 13?,1
What are we having for dinner?,0
What's the current value of Bitcoin?,1
Spell 'conscientious'.,1
Find a good cleaning service.,1
Why does this matter?,0
Note to self: call the plumber about the sink.,1
Update my phone’s software.,1
What's the UV index today?,1
Do you have any suggestions?,0
Can you explain this?,0
Where's your sense of adventure?,0
You,0
What's the point of all this?,0
Can you fix this?,0
Behind what is seen.,0
What a beautiful morning.,0
Translate 'good morning' into French.,1
Skip this track.,1
Log a task for the project.,1
What's the ETA for my Amazon package?,1
I wonder if I left the stove on.,0
What should I do with my life?,0
I’m pondering life’s mysteries.,0
"Pass the bread, please.",0
Who left the door open?,0
Restart the device.,1
Share my current location with Mike.,1
Could you let me handle this?,0
What’s the best pizza topping?,0
Define 'procrastination'.,1
Why is the sky blue?,0
Does this ring any bells?,0
How about a walk after lunch?,0
I'm hungry.,0
Can you check this document?,0
Faint sounds roaring loudly.,0
Can you join us for dinner?,0
Shut down.,1
Add this song to my 'Workout' playlist.,1
Figuratively literal happening.,0
What's on my schedule for next Monday?,1
Set a reminder for Pilates class.,1
Hmm... maybe later.,0
I apologize.,0
I have a feeling it's going to be a long night.,0
Add 'buy birthday gift for Mom' to my tasks.,1
Tell me a riddle.,1
Am I making any sense?,0
Add sugar to the shopping list.,1
Infinite finite endlessness ceases.,0
"Kind of, sort of, maybe.",0
Start a call with the marketing team.,1
Find synonyms for ‘happy’.,1
Why do you think it's cold?,0
Would you like some coffee?,0
Add a reminder to call the bank.,1
Could you put the kettle on?,0
Could I borrow your coat?,0
In nowhere and everywhere.,0
"One of these days, I'll get around to it.",0
The meaning of,0
What was that actor's name again? It's on the tip of my tongue.,0
Who was Leonardo da Vinci?,1
Isn't that interesting?,0
Does it look right to you?,0
"Just daydreaming, I suppose.",0
What are my reminders?,1
What is it?,0
What's the speed of light?,1
Set my next alarm for 6 PM.,1
What's the GPS location?,1
"Create a shopping list note with apples, bananas, and cherries.",1
Call Sarah Mobile.,1
Set an appointment for next Tuesday.,1
When is the next leap year?,1
Could you move over a bit?,0
I should have worn a warmer jacket.,0
I'm so glad it's Friday.,0
Check for upcoming events.,1
Life is just mysterious.,0
What?,0
Create a new list called 'Vacation Packing'.,1
Summarize the key points of this article.,1
What’s the status of my order?,1
Create a calendar event: 'Dinner with Alex' on Friday at 7.,1
It's just one of those days.,0
Add a new contact in my phone.,1
I need to rest.,0
"This is my stop, I need to get off.",0
Disordered orderly random.,0
Set a reminder for dinner reservations.,1
"Hang on a second, I'm thinking.",0
Enclosed within the thought.,0
What shade of blue is that?,0
What time is sunrise?,1
Start a screen recording.,1
Turn on the smart lights.,1
Could you move this for me?,0
Translate the phrase 'Where is the bathroom?' to German.,1
"Hmm, what should I wear today?",0
What’s my next meeting?,1
Can you recommend a good book to read?,1
How many days until summer?,1
Is the garage door closed?,1
Yet again or not.,0
Can you get me a glass of water?,0
Is my microphone on?,1
Set a timer for two minutes.,1
"Can you pass me the remote, John?",0
"To be, or to not.",0
Remind me to buy milk when I leave the house.,1
My feet are killing me after all that walking.,0
Let's go to the movies on Friday.,0
Are you ready?,0
This coffee tastes a bit off today.,0
Within the stasis evolving.,0
Enveloped by isolated collects.,0
Are we there yet?,0
I'm trying to remember the name of that song.,0
But can you really?,0
Lock the front door.,1
Do you know where my keys are?,0
As yet to be seen.,0
It could be better.,0
Roll a dice.,1
Invisible shades of color.,0
Loud whispers echo softly.,0
Let's have ice cream later.,0
In reflective refracted thought.,0
Alert me to check the oven in 15 minutes.,1
How do you spell ‘magnificent’?,1
Tell me the time in Brazil.,1
My back is killing me.,0
To be or not to be.,0
Is this seat taken?,0
Is it too late?,0
"Could you turn down the music a bit, please?",0
Absorbing the exterior inside.,0
"Hold the door, please!",0
Do we have any milk left?,0
Translate ‘goodbye’ into Italian.,1
Translate the menu to English.,1
I'm not sure about the next step.,0
Log my mood for today.,1
How’s the traffic to downtown?,1
Anywhere or nowhere.,0
Unspoken speechless words.,0
This algorithm is quite complex.,0
"Pass me the salt, please.",0
Should we take a break?,0
Convert 2000 steps to miles.,1
Find a nearby yoga class for beginners.,1
Still frames moving now.,0
Can you play white noise?,1
Add 'Team Sync' to my calendar for tomorrow at 3 PM.,1
Compose an email to Jane about the project update.,1
Horizons merging boundaries dissolve.,0
Add milk to the shopping list.,1
Beneath shadows of brightness.,0
What's the definition of 'ambiguous'?,1
What’s the name of the artist?,1
This chair is surprisingly comfortable.,0
Why did you say that?,0
Turn off the lights.,0
Are you finished with this?,0
Set a reminder to feed the cat at 5 PM.,1
Guess what happened today!,0
Could you please dust the shelves?,0
"Okay, let's try this again.",0
Remind me to call Mom at 7 PM.,1
"This room is too dark, can you open the curtains?",0
Between the found lost.,0
I think I'll go for a run later.,0
Step with before they backward.,0
Why is it always me?,0
Is there a meaning to this?,0
Set a reminder for yoga.,1
Check my messages.,1
How many sides does a hexagon have?,1
The instructions are a bit confusing.,0
"System, what's my next appointment?",1
What’s the currency in Japan?,1
What’s the latest news headline?,1
Play some jazz music.,1
Echoing shadows of thought.,0
Check for system updates.,1
Find a recipe for lasagna.,1
You can say that again.,0
"What are your plans for the weekend, Sarah?",0
When did World War II end?,1
How old is the current Pope?,1
I guess that's just the way it is.,0
Pour me a glass of water.,0
The quick brown fox jumps.,0
Wander in stillness deep.,0
Shadows brightly obscure truth.,0
"Oh, never mind, I figured it out.",0
How often do you think about this?,0
Can you recommend a good plumber?,0
I'm not sure what to expect.,0
Shouting in a silent crowd.,0
"So anyway, about that other thing.",0
"Oh, that reminds me of something.",0
What's the stock price of Apple right now?,1
What timers are running?,1
How do you say 'hello' in Spanish?,1
Is it going to be cold enough for a jacket tonight?,1
Look at those clouds.,0
What’s the temperature in Rome?,1
What is the boiling point of water in Celsius?,1
What's the funniest thing you've heard?,0
That’s quite a story.,0
What are the colors of the rainbow in order?,1
Set an alarm for 7 AM.,1
I’ll see you in the next video. Bye.,0
Did you forget something?,0
What was I saying again?,0
Read my last note.,1
"Wait for it, and",0
Could you carry this for me?,0
Search for healthy recipes.,1
Tell me about famous landmarks in Rome.,1
Where's my backpack?,0
Set a recurring reminder for every Monday at 9 AM to 'Submit weekly report'.,1
Find a flight from SFO to JFK next Friday.,1
Show me pictures of kittens.,1
What’s the number for customer service?,1
Have you seen this before?,0
"Multiplayer. Hi, for God’s sake.",0
Disable Wi-Fi.,1
Will it rain in London this afternoon?,1
I'm not sure if that's right.,0
Check my email for anything from David.,1
Set a reminder for laundry.,1
Translate this document to English.,1
Play the album ‘Nature Sounds’.,1
When time tells its tale.,0
Before the after is now.,0
"This color doesn't really suit me, does it?",0
I can't believe he actually said that.,0
Cancel the pasta timer.,1
And the point was,0
Set a reminder for Thursday.,1
Are you ready for this?,0
Passing through the void left.,0
Please take notes during this meeting.,0
What's the tallest building?,1
Buzzing whispers loudly sing.,0
I have a headache.,0
Do you miss the sunshine?,0
Where did everyone go?,0
I need to get more sleep.,0
It's so hot in this room.,0
Anyone up for a movie?,0
How do you make an omelette?,1
This coffee needs more sugar.,0
I'm not sure if I have enough cash on me.,0
Where finite meets infinity.,0
Flip a coin.,1
What alarms are set?,1
"A figment or fragment, thus.",0
Remind me about the conference.,1
Hmm,0
Do you want to watch a movie?,0
This too shall pass.,0
How do you say 'I am learning' in Spanish?,1
That was a close call!,0
Borders of the undefined.,0
He really needs to get his act together.,0
What’s my horoscope for today?,1
Play the latest pop music.,1
What do you think of my new haircut?,0
In whispers of shouting.,0
Tell me a fact about the human brain.,1
Help me remember the password.,0
Search for easy dessert recipes.,1
What's my next appointment?,1
Do you agree?,0
Find a new restaurant to try.,1
This is not what I expected.,0
Do you want to try that?,0
Why is it so warm in here?,0
What’s the deadline for submission?,1
Start a video recording now.,1
I should probably back up my files.,0
The book was much better than the film.,0
Set my alarm for 5 AM tomorrow.,1
Could you hand me my phone?,0
Between spaces of none.,0
What’s the word for ‘thank you’ in French?,1
This is taking forever.,0
"Oh, for crying out loud!",0
What in the world was that?,0
Add 'Finish presentation slides' to my to-do list.,1
In intersecting parallels.,0
I’ll see you at the development tomorrow at one o’clock.,0
What’s the weather forecast for today?,1
What’s the conversion rate for dollars?,1
Show yourself if you can!,0
Start a workout.,1
Speak of the devil.,0
It looks like it's going to rain.,0
Add sugar to my grocery list.,1
Is anyone there?,0
Decrease the brightness.,1
Are we finished here?,0
In the midst of then.,0
Do you like the rain?,0
I could use a cup of coffee right now.,0
Add a note about the meeting.,1
What’s the latest on the stock market?,1
Translate ‘love’ into Italian.,1
Wake me up at 7:30 tomorrow.,1
The traffic on the way here was a nightmare.,0
Are you seeing anyone?,0
Do you like this music?,0
What's the current temperature in Dubai?,1
Who painted the Mona Lisa?,1
I'm all ears.,0
Clear all notifications.,1
She said she'll call back later.,0
Allowed to not allow.,0
Are you feeling any better?,0
Can you assist me with this task?,0
Find a recipe for chocolate cake.,1
Entirely incomplete completes.,0
That sandwich looks delicious.,0
Check the traffic on my route.,1
Onward towards the sideways.,0
Never before after here.,0
Explain Einstein's theory of relativity in simple terms.,1
Is there any news for me?,0
I completely understand your point of view.,0
I wonder what happened there.,0
"Pretty much, yeah.",0
Could there be that?,0
Stop the current alarm.,1
Could you pass me the remote?,0
"Hmm, interesting.",0
Could you turn down the volume?,0
Search the web for cat videos.,1
"Yet again and again, not.",0
Can you hold this for me?,0
What’s the latest tech news?,1
What's on TV tonight?,1
Clear my notifications.,1
Clouds of whatnot.,0
Tell me a joke.,1
Remind me to pack my suitcase.,1
Add a grocery item: bread.,1
Do you think it's a nice day?,0
Find a guide for beginner's yoga.,1
Timer for 1 hour.,1
I think I'm getting sick.,0
Calculate 45 times 11 for me.,1
Does it make a sound?,0
Existence within a whisper.,0
Find me a nearby coffee shop.,1
Through the looking glass.,0
Can you hand me my glasses from the table?,0
I'm not entirely sure about that.,0
Is anyone else tired?,0
Play the news.,1
What's the square root of 64?,1
I don’t know what my...,0
From the depths of shallow.,0
Pause the music.,1
What's the funniest joke you know?,0
What is the chemical symbol for water?,1
In the mist of clarity.,0
Why is it always so complicated?,0
Remind me about the shopping list.,1
Can you read this out loud?,1
I'm trying to concentrate here.,0
Play some ocean sounds.,1
How do you spell 'onomatopoeia'?,1
What are my tasks for today?,1
Echoes in the void.,0
Motionless movements move outside.,0
Remind me to drink more water.,1
What’s trending on social media?,1
This weekend went by too fast.,0
That sounds interesting.,0
What's the name of this song playing on the radio?,1
"I prefer the blue one, actually.",0
Round and round in thought.,0
What’s my bank balance?,1
What is the highest mountain in North America?,1
Let's not jump to conclusions.,0
Whence comes what goes.,0
Look at this photo.,0
Tell me something interesting.,1
Find synonyms for ‘exciting’.,1
Unreachably close far.,0
Show me a map of Paris.,1
Tell me a riddle.,1
What’s the time now?,1
Find a YouTube tutorial for knitting.,1
What’s the score of the game?,1
Can you even even?,0
What's for lunch?,0
Find a camping spot nearby.,1
"Hey assistant, remind me to water the plants when I get home.",1
Let's see what's on TV.,0
That's quite an interesting story.,0
What's the meaning of life?,1
"I'm going to make some tea, do you want some?",0
What’s my battery percentage?,1
A notion to never fade.,0
What is 75 degrees Fahrenheit in Celsius?,1
Could you open the window?,0
Where is everyone?,0
What’s the capital city of Australia?,1
"Repeat that, please.",1
Pass me that book.,0
Do you ever wonder why?,0
What’s trending on Twitter?,1
Log an event: 'Attended webinar on AI' today.,1
Set a meeting with the team.,1
Is this dress appropriate for the occasion?,0
He's not feeling well today.,0
What’s my current location?,1
Order a pizza for dinner.,0
How come you never asked?,0
Play relaxing piano music.,1
Is it something important?,0
When is sunrise tomorrow?,1
"Charge my laptop for me, will you?",0
Begun ends are beginning.,0
What’s the time difference with London?,1
Tell me about the Great Wall of China.,1
Can you find a good Italian restaurant nearby that's open now?,1
Find nearby restaurants.,1
Can you set a reminder to take out the trash tonight?,1
Search for Italian restaurants.,1
Isn't that cute?,0
Explain the concept of 'quantum entanglement'.,1
The traffic was terrible this morning.,0
Probably impossibly certain.,0
The server seems to be down again.,0
Reflect the future past.,0
What's the name of the movie again?,0
Could you take out the trash?,0
What’s trending in fashion?,1
Set a reminder for tomorrow morning.,1
"It's all a bit much, sometimes.",0
Please turn off the fan.,0
Play a lullaby for sleeping.,1
One two buckle my shoe.,0
What was the headline news this morning?,1
Add milk to my shopping list.,1
Seeking what isn't there.,0
Check my bank account balance.,1
Who wants coffee?,0
Who let the dogs out?,0
Define 'serendipity'.,1
What could be of it?,0
Add a timer for 15 minutes.,1
Tell me about World War II.,1
Log my water intake today.,1
Are you coming to the event?,0
"The plants look dry, they need watering.",0
Ceaseless endings begin.,0
Set the thermostat to 72 degrees.,1
We should try that new cafe downtown.,0
Translate ‘welcome’ to Arabic.,1
Can you show me the way?,0
Set an alarm for 6:30 AM.,1
I need to go to the grocery store after work.,0
Do you want some coffee?,0
Unfold the folded folds.,0
"Alrighty then, moving on.",0
Change my 7 AM alarm to 7:15 AM.,1
Could you lend me a hand?,0
What's the current population of Earth?,1
Find the nearest ATM.,1
Search for a nearby bakery.,1
Can you handle the laundry?,0
Why does it rain so much?,0
Curiously curating creation.,0
"I'm just browsing, thanks.",0
Find a parking spot near me.,1
What’s my credit card balance?,1
Show me local concert tickets.,1
I've been meaning to discuss this.,0
Are you done with that?,0
Marvelously mundane moments.,0
Who else is coming along?,0
What are the ingredients in a Margherita pizza?,1
Give me a random number between 1 and 100.,1
What's the current phase of the moon?,1
Do you think it's worth it?,0
Never forever's always.,0
Ever not or ever.,0
In the midst of along.,0
Let’s go outside.,0
Could you keep this a secret?,0
Interwoven within untangled web.,0
This puzzle is driving me crazy.,0
Convert 10 kilometers to miles.,1
Why not take a break?,0
Does that make sense to you?,0
"Shut the door, please.",0
Don't you think it's late?,0
Add a doctor’s appointment.,1
Perhaps tomorrow will be a better day.,0
Set a countdown for five minutes.,1
Gazing into the unseeable.,0
Add eggs to my grocery list.,1
"Moving silently, loudly.",0
"No particular reason, really.",0
I don't know what to say.,0
Embrace the fleeting permanent.,0
Disable all alarms for tomorrow.,1
"Voice assistant, set a timer for cooking rice, 18 minutes.",1
Do we have any mail?,0
What’s my remaining balance?,1
Silently speaking questions.,0
Take a screenshot.,1
Order food from my favorite restaurant.,0
What lies beyond within?,0
Help me find my phone.,0
What version of the software are you running?,1
What if I tried a different approach?,0
Let's hope for the best.,0
Of silence amidst.,0
Is this the real life?,0
Hmm… is it raining outside?,0
My allergies are really acting up today.,0
What are some antonyms for 'brave'?,1
Snooze the alarm for 10 minutes.,1
Add an event for Saturday at noon.,1
Do you know the way?,0
Yes.,0
I hope it helps you.,0
Comes as it goes.,0
When are you leaving?,0
Balance within imbalance.,0
If only I had studied harder for that test.,0
Translate ‘freedom’ to Italian.,1
What's the formula for calculating the area of a circle?,1
Pause the timer.,1
I think I left my umbrella at home.,0
Forward backward all around.,0
Add 'meditate for 10 minutes' to my daily routine in the calendar.,1
How does a car engine work?,1
Why is this so difficult?,0
And what is apparent towards this?,0
She has such a good sense of humor.,0
"It shall, it shan't.",0
Voiceless sounds resounding repeat.,0
Tell me the weather for Saturday.,1
Surely maybe possibly not.,0
Create a shopping list.,1
"Never seen, ever known.",0
Have you ever seen something?,0
In thoughtless thinking.,0
I'm thinking we should go.,0
When is the next solar eclipse visible from my location?,1
Find a tutorial on painting.,1
Why so serious?,0
Are we ever?,0
Those are some nice shoes.,0
That was a great call.,0
"What's the current time in Sydney, Australia?",1
Inside outwards inwardly.,0
When was the last time?,0
Silent loudness takes over all.,0
What's my battery percentage?,1
Fetch the latest stock prices.,1
Moving stillness embraces.,0
What is the origin of the word 'robot'?,1
Find a recipe for vegan lasagna.,1
That's the spirit!,0
What's for lunch in the cafeteria today?,1
Echoes fading forward now.,0
Set a reminder to pay the bills on the 1st.,1
What happened next?,0
Again if I say anything random it is now it is going to capture my audio but and also it is going to transcribe it but it the actionable gate is going to filter all of the unnecessary part out and only the necessary part will be translated and,0
Why is the sky blue?,0
"This soup is delicious, Mom.",0
Search for summer vacation ideas.,1
An untold verse.,0
What’s the weather for the weekend?,1
Yet another paradox continues.,0
Play some jazz music.,1
"The printer is jammed, can you fix it?",0
Glimpses of endless now.,0
What are you cooking for dinner?,0
Search the web for sustainable energy solutions.,1
"That's a fair point, I hadn't considered that.",0
Anyone wants to game?,0
Conversed conversations silent loudly.,0
Continuous starts and stops.,0
Find flights to New York City.,1
Track my steps for today.,1
I need to clear my head for a bit.,0
"Whisper loudly, echo softly.",0
Start brewing coffee.,1
"Well, I'll be.",0
Create a new shopping list.,1
Revolving around static.,0
What’s the next holiday?,1
That painting is quite abstract.,0
Connect to the 'MyHomeNetwork' Wi-Fi.,1
"It's quite a day, isn't it?",0
Turn on the living room lights.,1
Could you watch the baby?,0
Did you call her?,0
Log my water intake: 2 glasses.,1
Do we have any questions?,0
This place is always so crowded.,0
"Oh, I nearly forgot to buy bread.",0
Without walls or doors.,0
Goodness gracious me.,0
Record a short voice memo.,1
Post 'Having a great day! #blessed' to my social media.,1
I need to think about it.,0
Can you read my horoscope for today?,1
Fragments forming endless whole.,0
Amidst the clear obscurity.,0
My phone is about to die.,0
What’s the temperature in New York?,1
Remind me to call the bank when they open.,1
What’s the score of the game?,1
Set a reminder: pick up dry cleaning tomorrow.,1
Book a table for two at The Italian Place for 8 PM tonight.,1
What time is the next train?,1
Silent symphonies resonate.,0
Where do you see yourself?,0
Walls have no windows here.,0
An imagined reality's shadow.,0
The user interface could be more intuitive.,0
Known unknown known.,0
Set a five-minute timer.,1
Under stars of daylight.,0
"Singing in the rain, just singing.",0
Could you help me with this?,0
Why is it so cloudy?,0
Find popular books right now.,1
Tell me about the solar system.,1
Can you hear the birds?,0
"Imagination constructs reality, dissolves.",0
In stillness of motion.,0
Find a vegetarian recipe for dinner.,1
Check my email inbox.,1
Could you grab my notebook?,0
Play relaxing music.,1
Remind me to call the dentist.,1
Are you listening?,0
Brighter dimness ahead.,0
Translate ‘peace’ to Japanese.,1
I should do the meeting.,0
Play the latest episode of the podcast.,1
Remind me to take out the trash.,1
Where silence beats loudly.,0
I should probably read the manual first.,0
"Send a text message to John: 'Running a bit late, be there in 10.'",1
Remind me to send the email.,1
Could you iron this shirt?,0
Find the best sushi restaurant.,1
Isn't it a lovely day?,0
What’s the plan for tonight?,0
Add coffee to my grocery order.,1
Set a reminder to check emails in 30 minutes.,1
That movie was incredibly boring.,0
Where did you put the keys?,0
Find a phone number for the vet.,1
I wish this meeting would end soon.,0
Don’t you think it’s time to go?,0
Beneath the highest rise.,0
What’s on my to-do list today?,1
Feeling a bit tired now.,0
That's not what I meant.,0
What’s the name of the author?,1
It looks like fun.,0
What’s my email address?,1
What's the latest news in technology?,1
We should consider this option.,0
"It's not that big of a deal, really.",0
Remind me to call John at 3.,1
Have a good flight.,0
"Okay, I’ll accept if this is funny.",0
Why is the line so long?,0
What’s the day after tomorrow?,1
Activate silent mode.,1
Give me directions to the nearest gas station.,1
You responding with I wanted to ask about this sector of it on the card.,0
What's the weather forecast for Seattle today?,1
Order my favorite drink.,0
Show me the route to the airport avoiding tolls.,1
I'm so over this.,0
I wish I could fast forward to the weekend.,0
"I'm running late, I need to hurry.",0
I think I'll take a nap.,0
Search for the best travel deals.,1
But it won't because.,0
Could it truly unravel?,0
List the top news articles today.,1
Awake within the slumbering.,0
Summarize this document for me.,1
Can you translate this document into Japanese?,1
Can you set a recurring alarm for 6:45 AM every weekday?,1
Ever after before now.,0
"Bye, Joe.",0
"That reminds me, I need to buy eggs.",0
What a beautiful day!,0
Forget this Wi-Fi network.,1
What’s the battery level?,1
Find some articles about climate change.,1
Check the weather forecast.,1
Only in dreams.,0
Play a podcast about history.,1
"Not really, no.",0
Why does it smell so good?,0
I wonder what the future holds.,0
Is this chair taken?,0
This new update has some interesting features.,0
Show me the best hiking trails.,1
We should probably get going.,0
Play songs by Coldplay.,1
Read the last text message I received.,1
What are the symptoms of the common cold?,1
Do you want to go hiking?,0
"For Pete's sake, what now?",0
Find a hotel for this weekend.,1
"Ever being, never being.",0
Why does this always happen?,0
Want to go for a walk?,0
Did you close the window?,0
"Here and there, it goes.",0
Translate 'I need help' into Japanese.,1
Where is the Eiffel Tower located?,1
Remind me to stretch more.,1
Create a new note for the meeting.,1
Paralleled in perpendicular thoughts.,0
What song is this?,1
Do you hear something strange?,0
Show me my to-do list.,1
Why is the sky grey?,0
Log that I took my vitamins.,1
I need an alarm in 8 hours.,1
"And then, after that, well...",0
Set the temperature to 72 degrees.,0
I really should call my parents more often.,0
What's the most populated city in the world?,1
Find a babysitter for Saturday.,1
Set a timer for 25 minutes.,1
That was unexpected.,0
Once upon a maybe.,0
Could you lend me your pen?,0
Find a solution to the puzzle.,1
Neither here nor anywhere.,0
What do you want to do today?,0
Why is this box here?,0
Identify this plant.,1
Why do you ask?,0
I love this song!,0
Add bananas to my shopping list.,1
"Yes, maybe so or not.",0
This silence is deafening.,0
Translate this phrase to Spanish.,1
Is there anyone at the door?,0
"I think it's going to rain later, don't you?",0
Start a 5-minute countdown.,1
Let's see what happens next.,0
An echo's own sound.,0
Can I borrow your pen for a second?,0
Do you think it'll be sunny?,0
Underneath the sky’s surface.,0
Just a little bit further.,0
Help me plan my day.,1
Could you make me a sandwich?,0
Translate ‘yes’ to Portuguese.,1
Tell me the score of the Lakers game.,1
What’s on TV tonight?,0
Neither here nor elsewhere.,0
Help me with setting up a new reminder.,1
"Indeed, quite so.",0
"A glance, yet full view.",0
I hope they have vegetarian options.,0
Take a picture.,1
"Control, control, control.",0
Beyond the unseen horizon.,0
Dwelling in never.,0
Paths untrod yet travelled.,0
Check the score of the basketball game.,1
Nowhere or everywhere.,0
